"Brewery","Beer","Rank","Style","ABV","Rating","Ratings","Reviews","Street","Street2","City","State","Zip"
"4 Hands Brewing Company","Madagascar",196,"Milk / Sweet Stout","9.30%",4.38,619,162,"1220 S 8th St","","St. Louis","MO","63104"
"AleSmith Brewing Company","AleSmith Speedway Stout",212,"American Double / Imperial Stout","12.00%",4.37,6607,9,"9990 AleSmith Ct","","San Diego","CA","92126"
"AleSmith Brewing Company","AleSmith Speedway Stout - Vietnamese Coffee",169,"American Double / Imperial Stout","12.00%",4.4,1655,40,"9990 AleSmith Ct","","San Diego","CA","92126"
"AleSmith Brewing Company","AleSmith Speedway Stout - Bourbon Barrel Aged",104,"American Double / Imperial Stout","12.00%",4.45,2053,115,"9990 AleSmith Ct","","San Diego","CA","92126"
"AleSmith Brewing Company","AleSmith Speedway Stout - Vietnamese Coffee (Bourbon Barrel Aged)",25,"American Double / Imperial Stout","12.00%",4.56,593,162,"9990 AleSmith Ct","","San Diego","CA","92126"
"Alpine Beer Company","Nelson",204,"American IPA","7.00%",4.37,4032,178,"2363 Alpine Blvd","","Alpine","CA","91901"
"Alpine Beer Company","Bad Boy",146,"American Double / Imperial IPA","9.00%",4.41,549,31,"2363 Alpine Blvd","","Alpine","CA","91901"
"Alpine Beer Company","Keene Idea",109,"American Double / Imperial IPA","8.88%",4.44,445,158,"2363 Alpine Blvd","","Alpine","CA","91901"
"Alpine Beer Company","Great",178,"American Barleywine","14.00%",4.39,648,46,"2363 Alpine Blvd","","Alpine","CA","91901"
"Alpine Beer Company","Exponential Hoppiness",200,"American Double / Imperial IPA","11.00%",4.37,1292,125,"2363 Alpine Blvd","","Alpine","CA","91901"
"Anchorage Brewing Company","A Deal With The Devil",123,"American Barleywine","17.30%",4.43,945,30,"148 West 91st AveÊ","","Anchorage","AK","99515"
"Aslin Beer Company","Mind The Hop",242,"American Double / Imperial IPA","9.50%",4.35,83,92,"1330 N Forest St","","Bellingham","WA","98225"
"Aslin Beer Company","Orange Starfish",155,"American IPA","5.70%",4.4,126,95,"1330 N Forest St","","Bellingham","WA","98225"
"Aslin Beer Company","Master Of Karate",43,"American Double / Imperial IPA","8.40%",4.51,161,143,"1330 N Forest St","","Bellingham","WA","98225"
"Avery Brewing Company","Tweak",182,"American Double / Imperial Stout","17.81%",4.39,2075,93,"4910 Nautilus Ct","","Boulder","CO","80301"
"Avery Brewing Company","Uncle Jacob's Stout",249,"American Double / Imperial Stout","17.10%",4.34,2545,123,"4910 Nautilus Ct","","Boulder","CO","80301"
"Avery Brewing Company","Callipygian",226,"American Double / Imperial Stout","17.10%",4.36,355,164,"4910 Nautilus Ct","","Boulder","CO","80301"
"Ballast Point Brewing Company","Sculpin IPA",195,"American IPA","7.00%",4.38,13526,68,"9045 Carroll Way","","San Diego","CA","92121"
"Ballast Point Brewing Company","Victory At Sea Coffee Vanilla Imperial Porter",245,"American Porter","10.00%",4.35,6673,5,"9045 Carroll Way","","San Diego","CA","92121"
"Bayerische Staatsbrauerei Weihenstephan","Weihenstephaner Hefeweissbier",166,"Hefeweizen","5.40%",4.4,8113,69,"Alte Akademie 2","","Freising","Germany","85354"
"Bell's Brewery, Inc.","Bell's Black Note Stout",60,"American Double / Imperial Stout","11.40%",4.49,4029,156,"355 E. KALAMAZOOÊAVE.","","Kalamazoo","MI","49007"
"Bell's Brewery, Inc.","Hopslam Ale",113,"American Double / Imperial IPA","10.00%",4.44,12640,102,"355 E. KALAMAZOOÊAVE.","","Kalamazoo","MI","49007"
"Bissell Brothers Brewing Company","Swish",47,"American Double / Imperial IPA","8.00%",4.5,954,35,"4 THOMPSONS PT","STE 108-109","Portland","ME","4102"
"Boneyard Beer Company","Notorious Triple IPA",73,"American Double / Imperial IPA","12.00%",4.47,713,186,"37 NW Lake Pl, Suite B","","Bend","OR","97701"
"Boneyard Beer Company","Hop Venom Double IPA",240,"American Double / Imperial IPA","8.90%",4.35,901,25,"37 NW Lake Pl, Suite B","","Bend","OR","97701"
"Boston Beer Company (Samuel Adams)","Samuel Adams Utopias",164,"American Strong Ale","29.00%",4.4,2460,146,"30 Germania St","","Jamaica Plain","MA","2130"
"Bottle Logic Brewing","Leche Borracho",197,"American Double / Imperial Stout","11.00%",4.38,244,138,"1072 N Armando St","","Anaheim","CA","92806"
"Bottle Logic Brewing","Fundamental Observation",19,"American Double / Imperial Stout","14.30%",4.59,678,33,"1072 N Armando St","","Anaheim","CA","92806"
"Bottle Logic Brewing","Ground State - 2nd Anniversary Beer",174,"American Double / Imperial Stout","12.50%",4.39,361,155,"1072 N Armando St","","Anaheim","CA","92806"
"Brasserie Cantillon","Cantillon Blåbær Lambik",59,"Lambic - Fruit","5.00%",4.49,764,90,"Rue Gheude 56","","Brussels","Belgium","1070"
"Brasserie Cantillon","Cantillon Lou Pepe - Gueuze",229,"Gueuze","5.00%",4.36,1100,75,"Rue Gheude 56","","Brussels","Belgium","1070"
"Brasserie Cantillon","Cantillon Gueuze 100% Lambic",208,"Gueuze","5.00%",4.37,3096,159,"Rue Gheude 56","","Brussels","Belgium","1070"
"Brasserie Cantillon","Cantillon Saint Lamvinus",136,"Lambic - Fruit","5.00%",4.42,2007,139,"Rue Gheude 56","","Brussels","Belgium","1070"
"Brasserie Cantillon","Cantillon Fou' Foune",42,"Lambic - Fruit","5.00%",4.52,2785,144,"Rue Gheude 56","","Brussels","Belgium","1070"
"Brasserie Cantillon","Cantillon Lou Pepe - Framboise",133,"Lambic - Fruit","5.00%",4.42,1244,98,"Rue Gheude 56","","Brussels","Belgium","1070"
"Brasserie Cantillon","Cantillon Lou Pepe - Kriek",84,"Lambic - Fruit","5.00%",4.46,1686,118,"Rue Gheude 56","","Brussels","Belgium","1070"
"Brasserie de Rochefort","Trappistes Rochefort 10",79,"Quadrupel (Quad)","11.30%",4.47,9041,71,"Rue de l'Abbaye 8","","Rochefort","Belgium","5580"
"Brasserie Dieu du Ciel!","Péché Mortel",181,"American Double / Imperial Stout","9.50%",4.39,5001,11,"29 Av Laurier O","","Montreal","QC","H2T 2N2"
"Brasserie Dieu du Ciel!","Péché Mortel En Fût De Bourbon Américain",206,"American Double / Imperial Stout","9.50%",4.37,442,186,"29 Av Laurier O","","Montreal","QC","H2T 2N2"
"Brothers Craft Brewing","Resolute - Coconut",41,"American Double / Imperial Stout","13.50%",4.52,182,140,"800 N Main St","","Harrisonburg","VA","22802"
"Brouwerij Drie Fonteinen","Drie Fonteinen Oude Geuze Vintage",95,"Gueuze","6.00%",4.45,697,29,"3 Herman Teirlinckplein","","Beersel","Belgium","1650"
"Brouwerij Drie Fonteinen","Drie Fonteinen Oude Geuze Golden Blend",103,"Gueuze","7.50%",4.45,997,55,"3 Herman Teirlinckplein","","Beersel","Belgium","1650"
"Brouwerij Drie Fonteinen","Drie Fonteinen Zenne Y Frontera",75,"Lambic - Unblended","7.00%",4.47,116,105,"3 Herman Teirlinckplein","","Beersel","Belgium","1650"
"Brouwerij Drie Fonteinen","Drie Fonteinen Framboos",135,"Lambic - Fruit","5.00%",4.42,634,17,"3 Herman Teirlinckplein","","Beersel","Belgium","1650"
"Brouwerij Drie Fonteinen","Drie Fonteinen Hommage",215,"Lambic - Fruit","6.00%",4.36,838,54,"3 Herman Teirlinckplein","","Beersel","Belgium","1650"
"Brouwerij Rodenbach N.V.","Rodenbach Caractère Rouge",148,"Flanders Red Ale","7.00%",4.41,1350,66,"Spanjestraat 133-141","","Roeselare","Belgium","8800"
"Brouwerij St. Bernardus NV","St. Bernardus Abt 12",131,"Quadrupel (Quad)","10.00%",4.42,9297,70,"Trappistenweg 23","","Watou","Belgium","8978"
"Brouwerij Westvleteren (Sint-Sixtusabdij van Westvleteren)","Trappist Westvleteren 8 (VIII)",72,"Dubbel","8.00%",4.47,2094,175,"Donkerstraat 12","","Westvleteren","Belgium","8640"
"Brouwerij Westvleteren (Sint-Sixtusabdij van Westvleteren)","Trappist Westvleteren 12 (XII)",15,"Quadrupel (Quad)","10.20%",4.61,6157,12,"Donkerstraat 12","","Westvleteren","Belgium","8640"
"Buxton Brewery","Buxton / Omnipollo Yellow Belly",230,"American Double / Imperial Stout","11.00%",4.36,237,138,"Staden Business Park","","Buxton","UK","SK17 9RZ"
"Cascade Brewing / Raccoon Lodge & Brewpub","Cascade Sang Noir",193,"American Wild Ale","9.50%",4.38,1597,76,"7424 SW Beaverton-Hillsdale Hwy","","Portland","OR","97225"
"Cigar City Brewing","Hunahpu's Imperial Stout - Double Barrel Aged",7,"American Double / Imperial Stout","11.00%",4.66,1328,29,"3924 W Spruce St","","Tampa","FL","33607"
"Cigar City Brewing","Decoherence",106,"American Double / Imperial Stout","12.90%",4.44,162,95,"3924 W Spruce St","","Tampa","FL","33607"
"Cigar City Brewing","Hunahpu's Imperial Stout",49,"American Double / Imperial Stout","11.00%",4.5,3992,171,"3924 W Spruce St","","Tampa","FL","33607"
"Cigar City Brewing","Caffè Americano",102,"American Double / Imperial Stout","11.00%",4.45,941,26,"3924 W Spruce St","","Tampa","FL","33607"
"Clown Shoes","Breakfast Exorcism",223,"American Double / Imperial Stout","11.00%",4.36,319,143,"23 Hayward St.","","Ipswich","MA","1938"
"Columbus Brewing Company","Columbus Bodhi DIPA",125,"American Double / Imperial IPA","8.50%",4.42,1401,61,"2555 Harrison Rd","","Columbus","OH","43204"
"Dark Horse Brewing Company","Dark Horse Bourbon Barrel Aged Plead The 5th",81,"Russian Imperial Stout","12.00%",4.46,3048,131,"511 South Kalamazoo Street","","Marshall","MI","49068"
"de Garde Brewing","Nectarine Premiere",122,"Saison / Farmhouse Ale","7.10%",4.43,182,92,"6000 Blimp Blvd","","Tillamook","OR","97141"
"de Garde Brewing","The Broken Truck",118,"Gueuze","5.00%",4.43,138,85,"6000 Blimp Blvd","","Tillamook","OR","97141"
"Deschutes Brewery","The Abyss",69,"American Double / Imperial Stout","12.20%",4.48,6844,13,"901 SW Simpson Ave","","Bend","OR","97702"
"Evil Twin Brewing","Imperial Biscotti Break Bourbon Barrel Aged",119,"American Double / Imperial Stout","11.50%",4.43,1535,35,"446 Kent Ave","Apt 14A","Brooklyn","NY","11249"
"Evil Twin Brewing","Evil Twin Double Barrel Jesus",83,"American Double / Imperial Stout","12.00%",4.46,583,166,"446 Kent Ave","Apt 14A","Brooklyn","NY","11249"
"Fat Head's Brewery & Saloon","Hop JuJu Imperial IPA",143,"American Double / Imperial IPA","9.00%",4.41,1966,89,"24581 Lorain Rd.","","North Olmstead","OH","44070"
"Fiddlehead Brewing Company","Second Fiddle",158,"American Double / Imperial IPA","8.20%",4.4,1669,59,"6305 Shelburne Rd","","Shelburne","VT","5482"
"Fiddlehead Brewing Company","Mastermind",238,"American Double / Imperial IPA","8.10%",4.35,1307,41,"6305 Shelburne Rd","","Shelburne","VT","5482"
"FiftyFifty Brewing Company","Imperial Eclipse Stout - Elijah Craig (12 Year)",132,"American Double / Imperial Stout","11.90%",4.42,1843,99,"11197 Brockway Rd","","Truckee","CA","96161"
"Firestone Walker Brewing Company","Parabajava",92,"Russian Imperial Stout","14.00%",4.45,584,168,"1400 Ramada Drive","","Paso Robles","CA","93446"
"Firestone Walker Brewing Company","§ucaba",97,"English Barleywine","12.50%",4.45,4920,183,"1400 Ramada Drive","","Paso Robles","CA","93446"
"Firestone Walker Brewing Company","Parabola",37,"Russian Imperial Stout","14.00%",4.53,6231,4,"1400 Ramada Drive","","Paso Robles","CA","93446"
"Firestone Walker Brewing Company","Stickee Monkee",126,"Quadrupel (Quad)","12.00%",4.42,2295,91,"1400 Ramada Drive","","Paso Robles","CA","93446"
"Foundation Brewing Company","Epiphany",167,"American Double / Imperial IPA","8.00%",4.4,829,28,"1 Industrial Way?","","Portland","ME","4103"
"Founders Brewing Company","Founders CBS Imperial Stout",13,"American Double / Imperial Stout","10.60%",4.62,4256,193,"235 Grandville Ave SW","","Grand Rapids","MI","49503"
"Founders Brewing Company","Founders KBS (Kentucky Breakfast Stout)",27,"American Double / Imperial Stout","12.40%",4.56,11994,101,"235 Grandville Ave SW","","Grand Rapids","MI","49503"
"Founders Brewing Company","Founders Breakfast Stout",78,"American Double / Imperial Stout","8.30%",4.47,16171,104,"235 Grandville Ave SW","","Grand Rapids","MI","49503"
"Fremont Brewing Company","Bourbon Abominable Winter Ale",235,"American Strong Ale","14.00%",4.35,1019,52,"3409 Woodland Park Avenue North","","Seattle","WA","98103"
"Fremont Brewing Company","Bourbon Barrel Aged Dark Star: Coffee Edition",163,"Oatmeal Stout","14.50%",4.4,524,147,"3409 Woodland Park Avenue North","","Seattle","WA","98103"
"Fremont Brewing Company","Bourbon Barrel Aged Abominable: Coffee And Cinnamon",66,"American Strong Ale","14.00%",4.48,714,188,"3409 Woodland Park Avenue North","","Seattle","WA","98103"
"Fremont Brewing Company","Brew 1000 - Bourbon Barrel Aged",115,"English Barleywine","13.10%",4.43,158,109,"3409 Woodland Park Avenue North","","Seattle","WA","98103"
"Fremont Brewing Company","The Rusty Nail",96,"American Double / Imperial Stout","13.20%",4.45,160,114,"3409 Woodland Park Avenue North","","Seattle","WA","98103"
"Fremont Brewing Company","Bourbon Barrel Aged Dark Star Oatmeal Stout",127,"Oatmeal Stout","14.50%",4.42,405,153,"3409 Woodland Park Avenue North","","Seattle","WA","98103"
"Funky Buddha Brewery","Wide Awake It's Morning",89,"American Double / Imperial Stout","10.00%",4.46,620,22,"1201 NE 38th St","","Oakland Park","FL","33334"
"Funky Buddha Brewery","Maple Bacon Coffee Porter",128,"American Porter","6.40%",4.42,1690,87,"1201 NE 38th St","","Oakland Park","FL","33334"
"Funky Buddha Brewery","Morning Wood",23,"American Porter","12.00%",4.57,557,185,"1201 NE 38th St","","Oakland Park","FL","33334"
"Funky Buddha Brewery","Snowed In - Bourbon Barrel Aged",53,"American Double / Imperial Stout","11.00%",4.5,274,128,"1201 NE 38th St","","Oakland Park","FL","33334"
"Funky Buddha Brewery","Last Buffalo In The Park",231,"American Double / Imperial Stout","11.50%",4.36,142,48,"1201 NE 38th St","","Oakland Park","FL","33334"
"Funky Buddha Brewery","Last Snow",129,"American Porter","6.40%",4.42,1668,84,"1201 NE 38th St","","Oakland Park","FL","33334"
"Goose Island Beer Company","Bourbon County Brand Stout",51,"American Double / Imperial Stout","13.80%",4.5,11909,72,"1800 W Fulton St","","Chicago","IL","60612"
"Goose Island Beer Company","Bourbon County Brand Coffee Stout",21,"American Double / Imperial Stout","13.40%",4.57,6881,3,"1800 W Fulton St","","Chicago","IL","60612"
"Goose Island Beer Company","Bourbon County Brand Barleywine Ale",80,"English Barleywine","12.10%",4.47,4946,148,"1800 W Fulton St","","Chicago","IL","60612"
"Grimm Artisanal Ales","Lambo Door",233,"American Double / Imperial IPA","8.00%",4.36,481,191,"PO Box 150472","","Brooklyn","NY","11215"
"Grimm Artisanal Ales","Tesseract",227,"American Double / Imperial IPA","8.00%",4.36,460,170,"PO Box 150472","","Brooklyn","NY","11215"
"Grimm Artisanal Ales","Lumen",228,"American IPA","6.40%",4.36,249,128,"PO Box 150472","","Brooklyn","NY","11215"
"Grimm Artisanal Ales","Afterimage",138,"American Double / Imperial IPA","8.00%",4.41,425,172,"PO Box 150472","","Brooklyn","NY","11215"
"Hair of the Dog Brewing Company / Brewery and Tasting Room","Adam From The Wood",111,"Old Ale","12.00%",4.44,940,51,"61 SE Yamhill St","","Portland","OR","97214"
"Hair of the Dog Brewing Company / Brewery and Tasting Room","Matt",172,"American Strong Ale","11.50%",4.39,826,89,"61 SE Yamhill St","","Portland","OR","97214"
"Hangar 24 Brewery","Pugachev Royale",209,"Russian Imperial Stout","14.80%",4.37,171,85,"1710 Sessums Drive","","Redlands","CA","92374"
"Heist Brewery","Citraquench'l",150,"American IPA","6.70%",4.41,90,92,"2901 N Davidson St","","Charlotte","NC","28205"
"Hill Farmstead Brewery","Everett Porter",100,"American Porter","7.50%",4.45,2562,122,"403 Hill Rd","","Greensboro Bend","VT","5842"
"Hill Farmstead Brewery","Society & Solitude #6",176,"American Double / Imperial IPA","8.10%",4.39,668,166,"403 Hill Rd","","Greensboro Bend","VT","5842"
"Hill Farmstead Brewery","Ann",28,"Saison / Farmhouse Ale","6.50%",4.56,334,173,"403 Hill Rd","","Greensboro Bend","VT","5842"
"Hill Farmstead Brewery","Edward",189,"American Pale Ale (APA)","5.20%",4.38,2550,117,"403 Hill Rd","","Greensboro Bend","VT","5842"
"Hill Farmstead Brewery","Damon (Bourbon Barrel Aged)",207,"Russian Imperial Stout","10.50%",4.37,657,186,"403 Hill Rd","","Greensboro Bend","VT","5842"
"Hill Farmstead Brewery","Aaron",205,"English Barleywine","BreweryEnglish",4.37,319,105,"403 Hill Rd","","Greensboro Bend","VT","5842"
"Hill Farmstead Brewery","Susan",99,"American IPA","6.20%",4.45,1746,60,"403 Hill Rd","","Greensboro Bend","VT","5842"
"Hill Farmstead Brewery","Birth Of Tragedy",234,"American Porter","9.00%",4.35,1130,53,"403 Hill Rd","","Greensboro Bend","VT","5842"
"Hill Farmstead Brewery","Double Citra",55,"American Double / Imperial IPA","8.00%",4.49,1694,75,"403 Hill Rd","","Greensboro Bend","VT","5842"
"Hill Farmstead Brewery","Society & Solitude #4",39,"American Double / Imperial IPA","8.00%",4.52,1068,38,"403 Hill Rd","","Greensboro Bend","VT","5842"
"Hill Farmstead Brewery","Ephraim",76,"American Double / Imperial IPA","10.00%",4.47,1008,86,"403 Hill Rd","","Greensboro Bend","VT","5842"
"Hill Farmstead Brewery","Genealogy Of Morals (Bourbon Barrel Aged)",232,"American Double / Imperial Stout","10.70%",4.36,500,140,"403 Hill Rd","","Greensboro Bend","VT","5842"
"Hill Farmstead Brewery","Abner",26,"American Double / Imperial IPA","8.20%",4.56,2515,120,"403 Hill Rd","","Greensboro Bend","VT","5842"
"Hill Farmstead Brewery","Society & Solitude #5",91,"American Double / Imperial IPA","8.10%",4.46,1354,47,"403 Hill Rd","","Greensboro Bend","VT","5842"
"Hill Farmstead Brewery","Double Galaxy",40,"American Double / Imperial IPA","8.00%",4.52,1289,75,"403 Hill Rd","","Greensboro Bend","VT","5842"
"Hill Farmstead Brewery","Juicy",140,"Saison / Farmhouse Ale","7.40%",4.41,456,170,"403 Hill Rd","","Greensboro Bend","VT","5842"
"Hill Farmstead Brewery","What Is Enlightenment?",248,"American Pale Ale (APA)","5.40%",4.34,872,19,"403 Hill Rd","","Greensboro Bend","VT","5842"
"J. Wakefield Brewing","Miami Madness",130,"Berliner Weissbier","3.50%",4.42,277,130,"120 NW 24th St","","Miami","FL","33127"
"J. Wakefield Brewing","Dragon Fruit Passion Fruit Berliner",149,"Berliner Weissbier","3.50%",4.41,282,132,"120 NW 24th St","","Miami","FL","33127"
"Jackie O's Pub & Brewery","Bourbon Barrel Black Maple",224,"American Porter","11.00%",4.36,872,185,"24 W Union St","","Athens","OH","45701"
"Jackie O's Pub & Brewery","Oro Negro",154,"American Double / Imperial Stout","10.00%",4.4,612,15,"24 W Union St","","Athens","OH","45701"
"Jackie O's Pub & Brewery","Bourbon Barrel Champion Ground",116,"American Double / Imperial Stout","11.00%",4.43,386,166,"24 W Union St","","Athens","OH","45701"
"Jackie O's Pub & Brewery","Bourbon Barrel Oro Negro",221,"American Double / Imperial Stout","11.00%",4.36,217,111,"24 W Union St","","Athens","OH","45701"
"Jester King Brewery","Montmorency Vs Balaton",162,"American Wild Ale","6.70%",4.4,676,147,"13005 Fitzhugh Road","Bld. B","Austin","TX","78736"
"Jester King Brewery","Atrial Rubicite",63,"American Wild Ale","5.80%",4.48,1659,44,"13005 Fitzhugh Road","Bld. B","Austin","TX","78736"
"Kane Brewing Company","Mexican Brunch",198,"American Porter","9.20%",4.37,170,73,"1750 Bloomsbury Ave","","Ocean","NJ","7712"
"Kane Brewing Company","Sunday Brunch",46,"American Porter","9.20%",4.5,459,143,"1750 Bloomsbury Ave","","Ocean","NJ","7712"
"Kern River Brewing Company","Citra",32,"American Double / Imperial IPA","8.00%",4.54,1678,124,"13415 Sierra Way","","Kernville","CA","93238"
"Kern River Brewing Company","Winter Ale / 5th Anniversary Ale",191,"American Double / Imperial IPA","8.00%",4.38,274,186,"13415 Sierra Way","","Kernville","CA","93238"
"Kuhnhenn Brewing Company","Kuhnhenn Bourbon Barrel Fourth Dementia",64,"Old Ale","13.50%",4.48,1879,127,"5919 Chicago Rd","","Warren","MI","48092"
"Kuhnhenn Brewing Company","Kuhnhenn Raspberry Eisbock",211,"Eisbock","15.50%",4.37,1225,137,"5919 Chicago Rd","","Warren","MI","48092"
"Lagunitas Brewing Company","Born Yesterday Pale Ale",157,"American Pale Ale (APA)","7.00%",4.4,2163,129,"1280 N McDowell Blvd","","Petaluma","CA","94954"
"Lagunitas Brewing Company","ScareCity #3: High West-ified Imperial Coffee Stout",241,"American Double / Imperial Stout","12.10%",4.35,1343,62,"1280 N McDowell Blvd","","Petaluma","CA","94954"
"Lawson's Finest Liquids","Sip Of Sunshine",29,"American Double / Imperial IPA","8.00%",4.55,4283,142,"Not Open to Public","","Warren","VT","5674"
"Lawson's Finest Liquids","Double Sunshine IPA",34,"American Double / Imperial IPA","8.00%",4.54,2105,113,"Not Open to Public","","Warren","VT","5674"
"Lawson's Finest Liquids","Triple Sunshine IPA",36,"American Double / Imperial IPA","10.50%",4.53,571,147,"Not Open to Public","","Warren","VT","5674"
"Lift Bridge Brewery","Barrel-Aged Silhouette",213,"Russian Imperial Stout","10.00%",4.36,338,126,"1900 Tower Dr W","","Stillwater","MN","55082"
"Live Oak Brewing Company","Live Oak HefeWeizen",243,"Hefeweizen","5.20%",4.35,1562,134,"1615 Crozier Ln","","Del Valle","TX","78617"
"Logsdon Farmhouse Ales","Peche 'n Brett",203,"Saison / Farmhouse Ale","10.00%",4.37,1242,51,"4785 Booth Hill Rd","","Hood River","OR","97031"
"Maine Beer Company","Dinner",10,"American Double / Imperial IPA","8.20%",4.63,1856,82,"525 US Route 1","","Freeport","ME","4032"
"Minneapolis Town Hall Brewery","Masala Mama India Pale Ale",250,"American IPA","6.00%",4.34,1359,163,"1430 Washington Ave S","","Minneapolis","MN","55454"
"New England Brewing Company","Locust Reign",237,"American Double / Imperial IPA","8.50%",4.35,285,119,"175 Amity Rd","","Woodbridge","CT","6525"
"New England Brewing Company","Fuzzy Baby Ducks IPA",90,"American IPA","6.20%",4.46,725,179,"175 Amity Rd","","Woodbridge","CT","6525"
"New England Brewing Company","Coriolis",153,"American Double / Imperial IPA","8.20%",4.41,532,158,"175 Amity Rd","","Woodbridge","CT","6525"
"New Glarus Brewing Company","Serendipity",239,"Fruit / Vegetable Beer","4.00%",4.35,2780,97,"2400 Hwy 69","","New Glarus","WA","53574"
"New Glarus Brewing Company","Wisconsin Belgian Red",236,"Fruit / Vegetable Beer","4.00%",4.35,3497,195,"2400 Hwy 69","","New Glarus","WA","53574"
"Noble Ale Works","Citra Showers",180,"American Double / Imperial IPA","8.80%",4.39,477,164,"1621 S Sinclair St","","Anaheim","CA","92806"
"Other Half Brewing Company","All Green Everything",210,"American Double / Imperial IPA","10.50%",4.37,946,24,"195 Centre St","","Brooklyn","NY","11231"
"Other Half Brewing Company","Mosaic IPA",214,"American IPA","7.20%",4.36,346,126,"195 Centre St","","Brooklyn","NY","11231"
"Ozark Beer Company","BDCS",77,"American Double / Imperial Stout","10.20%",4.47,303,149,"1700 S 1st St","","Rogers","AR","72756"
"Parish Brewing Company","Ghost In The Machine",159,"American Double / Imperial IPA","8.00%",4.4,525,179,"229 Jared Dr","","Broussard","LA","70518"
"Peg's Cantina & Brew Pub","Trademark Dispute: Nooner 10",246,"American Double / Imperial Stout","12.00%",4.35,205,95,"Closed","","","",""
"Peg's Cantina & Brew Pub","Peg's G.O.O.D. RareR D.O.S.",134,"American Double / Imperial Stout","10.00%",4.42,727,18,"Closed","","","",""
"Peg's Cantina & Brew Pub","Trademark Dispute: Hazelnut",137,"American Double / Imperial Stout","Imperial",4.42,126,81,"Closed","","","",""
"Peg's Cantina & Brew Pub","Trademark Dispute: &+",244,"American Double / Imperial Stout","10.50%",4.35,215,107,"Closed","","","",""
"Peg's Cantina & Brew Pub","Trademark Dispute: Pallet 1",173,"American Double / Imperial Stout","10.40%",4.39,260,133,"Closed","","","",""
"Peg's Cantina & Brew Pub","Rare Scooop",171,"American Double / Imperial Stout","Imperial",4.39,93,73,"Closed","","","",""
"Pelican Pub & Brewery","Mother Of All Storms",151,"English Barleywine","14.00%",4.41,1901,136,"33180 Cape Kiwanda Dr.","","Pacific City","OR","97135"
"Perennial Artisan Ales","Abraxas",147,"American Double / Imperial Stout","10.00%",4.41,2321,97,"8125 Michigan Ave","","Saint Louis","MI","63111"
"Perennial Artisan Ales","Barrel-Aged Abraxas",18,"American Double / Imperial Stout","11.00%",4.6,1247,23,"8125 Michigan Ave","","Saint Louis","MI","63111"
"Perrin Brewery","No Rules",98,"American Porter","15.00%",4.45,926,60,"5910 Comstock Park Dr NW","","Comstock Park","MI","49321"
"Pipeworks Brewing Company","Sure Bet",194,"American Double / Imperial IPA","9.50%",4.38,507,157,"3912 W McLean Ave","","Chicago","IL","60647"
"Pipeworks Brewing Company","Spotted Puffer",188,"American Double / Imperial IPA","9.50%",4.38,292,133,"3912 W McLean Ave","","Chicago","IL","60647"
"Prairie Artisan Ales","Prairie Pirate Bomb!",94,"American Double / Imperial Stout","14.00%",4.45,1867,65,"1803 S 49th West Ave","","Tulsa","OK","74107"
"Prairie Artisan Ales","Prairie Apple Brandy Noir",141,"American Double / Imperial Stout","12.00%",4.41,1380,56,"1803 S 49th West Ave","","Tulsa","OK","74107"
"Prairie Artisan Ales","Barrel Aged Bomb!",114,"American Double / Imperial Stout","11.20%",4.44,942,43,"1803 S 49th West Ave","","Tulsa","OK","74107"
"Prairie Artisan Ales","BOMB!",71,"American Double / Imperial Stout","13.00%",4.47,5608,180,"1803 S 49th West Ave","","Tulsa","OK","74107"
"Russian River Brewing Company","Supplication",54,"American Wild Ale","7.00%",4.49,6195,7,"725 4th St","","Santa Rosa","CA","95404"
"Russian River Brewing Company","Temptation",139,"American Wild Ale","7.50%",4.41,3617,1,"725 4th St","","Santa Rosa","CA","95404"
"Russian River Brewing Company","Pliny The Younger",4,"American Double / Imperial IPA","10.25%",4.66,2979,189,"725 4th St","","Santa Rosa","CA","95404"
"Russian River Brewing Company","Consecration",156,"American Wild Ale","10.00%",4.4,5172,2,"725 4th St","","Santa Rosa","CA","95404"
"Russian River Brewing Company","Pliny The Elder",17,"American Double / Imperial IPA","8.00%",4.6,14102,103,"725 4th St","","Santa Rosa","CA","95404"
"Russian River Brewing Company","Beatification",88,"American Wild Ale","5.50%",4.46,2582,150,"725 4th St","","Santa Rosa","CA","95404"
"Sante Adairius Rustic Ales","West Ashley",170,"American Wild Ale","7.30%",4.4,932,184,"103 Kennedy Dr","","Capitola","CA","95010"
"Sante Adairius Rustic Ales","Saison Bernice",152,"Saison / Farmhouse Ale","6.50%",4.41,823,172,"103 Kennedy Dr","","Capitola","CA","95010"
"Sante Adairius Rustic Ales","Westly",160,"American Wild Ale","8.50%",4.4,229,105,"103 Kennedy Dr","","Capitola","CA","95010"
"Side Project Brewing","Derivation #6 (Cinnamon, Cocoa Nibs And Ugandan Vanilla)",217,"American Double / Imperial Stout","15.00%",4.36,39,32,"7373 Marietta Ave","","Maplewood","MI","63143"
"Side Project Brewing","Fuzzy",52,"American Wild Ale","8.00%",4.5,677,167,"7373 Marietta Ave","","Maplewood","MI","63143"
"Side Project Brewing","Saison Du Fermier",187,"Saison / Farmhouse Ale","7.00%",4.38,611,133,"7373 Marietta Ave","","Maplewood","MI","63143"
"SingleCut Beersmiths","Softly Spoken Magic Spells",165,"American Double / Imperial IPA","8.60%",4.4,528,29,"19-33 37th St","","Queens","NY","11105"
"Societe Brewing Company","The Pupil",218,"American IPA","7.80%",4.36,870,188,"8262 Clairemont Mesa Blvd","","San Diego","CA","92111"
"Stone Brewing","Stone Enjoy By Unfiltered IPA",222,"American Double / Imperial IPA","9.40%",4.36,1154,80,"1999 Citracado Parkway","","Escondido","CA","92029"
"Stone Brewing","Imperial Russian Stout - Bourbon Barrel Aged",120,"Russian Imperial Stout","13.50%",4.43,1135,50,"1999 Citracado Parkway","","Escondido","CA","92029"
"Stone Brewing","Stone Enjoy By IPA",184,"American Double / Imperial IPA","9.40%",4.39,10506,6,"1999 Citracado Parkway","","Escondido","CA","92029"
"Surly Brewing Company","Abrasive Ale",82,"American Double / Imperial IPA","9.00%",4.46,4437,190,"4811 Dusharme Dr","","Brooklyn Center","MN","55429"
"Surly Brewing Company","Todd The Axe Man",85,"American IPA","7.20%",4.46,2107,116,"4811 Dusharme Dr","","Brooklyn Center","MN","55429"
"Surly Brewing Company","Darkness",142,"Russian Imperial Stout","10.30%",4.41,3687,182,"4811 Dusharme Dr","","Brooklyn Center","MN","55429"
"The Alchemist","Focal Banger",24,"American IPA","7.00%",4.56,2615,106,"35 Crossroad","","Waterbury","VT","5676"
"The Alchemist","Heady Topper",8,"American Double / Imperial IPA","8.00%",4.66,12890,67,"35 Crossroad","","Waterbury","VT","5676"
"The Alchemist","Crusher",93,"American Double / Imperial IPA","9.60%",4.45,1355,42,"35 Crossroad","","Waterbury","VT","5676"
"The Bruery","Chocolate Rain",144,"American Double / Imperial Stout","18.50%",4.41,2584,112,"715 Dunn Way","","Placentia","CA","92870"
"The Bruery","Black Tuesday",86,"American Double / Imperial Stout","19.20%",4.46,3759,161,"715 Dunn Way","","Placentia","CA","92870"
"The Bruery","Grey Monday",216,"American Double / Imperial Stout","19.50%",4.36,1656,36,"715 Dunn Way","","Placentia","CA","92870"
"The Bruery","Mocha Wednesday",247,"American Double / Imperial Stout","19.20%",4.35,1244,20,"715 Dunn Way","","Placentia","CA","92870"
"The Lone Pint Brewery","Yellow Rose",192,"American IPA","6.80%",4.38,1568,77,"507 Commerce St","","Magnolia","TX","77355"
"The Lost Abbey","Cable Car",87,"American Wild Ale","7.00%",4.46,958,84,"155 Mata Way #104","","San Marcos","CA","92069"
"The Lost Abbey","Duck Duck Gooze",48,"Gueuze","7.00%",4.5,1705,94,"155 Mata Way #104","","San Marcos","CA","92069"
"The Lost Abbey","Box Set Track #10 - Bat Out Of Hell",220,"American Double / Imperial Stout","13.50%",4.36,967,34,"155 Mata Way #104","","San Marcos","CA","92069"
"Three Floyds Brewing Company","Zombie Dust",38,"American Pale Ale (APA)","6.20%",4.52,9790,8,"9750 Indiana Pkwy","","Munster","IN","46321"
"Three Floyds Brewing Company","Bourbon Barrel Aged Dark Lord Imperial Stout",65,"Russian Imperial Stout","15.00%",4.48,799,64,"9750 Indiana Pkwy","","Munster","IN","46321"
"Three Floyds Brewing Company","Marshmallow Handjee (Bourbon Barrel Aged Vanilla Bean Dark Lord)",11,"Russian Imperial Stout","15.00%",4.63,1442,100,"9750 Indiana Pkwy","","Munster","IN","46321"
"Three Floyds Brewing Company","French Vanilla Militia",201,"Russian Imperial Stout","Imperial",4.37,107,81,"9750 Indiana Pkwy","","Munster","IN","46321"
"Three Floyds Brewing Company","Permanent Funeral",112,"American Double / Imperial IPA","10.50%",4.44,2772,108,"9750 Indiana Pkwy","","Munster","IN","46321"
"Three Floyds Brewing Company","Dreadnaught IPA",168,"American Double / Imperial IPA","9.50%",4.4,5931,10,"9750 Indiana Pkwy","","Munster","IN","46321"
"Toppling Goliath Brewing Company","PseudoSue",61,"American Pale Ale (APA)","5.80%",4.49,3980,152,"310 College Dr","","Decorah","IO","52101"
"Toppling Goliath Brewing Company","Sosus",108,"American Double / Imperial IPA","8.00%",4.44,1239,37,"310 College Dr","","Decorah","IO","52101"
"Toppling Goliath Brewing Company","King Sue",20,"American Double / Imperial IPA","8.00%",4.58,1616,63,"310 College Dr","","Decorah","IO","52101"
"Toppling Goliath Brewing Company","Mornin' Delight",5,"American Double / Imperial Stout","12.00%",4.66,1012,57,"310 College Dr","","Decorah","IO","52101"
"Toppling Goliath Brewing Company","XHOPS (Gold Label)",190,"American Pale Ale (APA)","5.30%",4.38,383,166,"310 College Dr","","Decorah","IO","52101"
"Toppling Goliath Brewing Company","Double Dry Hopped PseudoSue (Citra)",74,"American Pale Ale (APA)","5.80%",4.47,227,135,"310 College Dr","","Decorah","IO","52101"
"Toppling Goliath Brewing Company","Kentucky Brunch Brand Stout",2,"American Double / Imperial Stout","12.00%",4.7,529,187,"310 College Dr","","Decorah","IO","52101"
"Toppling Goliath Brewing Company","Assassin Imperial Stout",58,"American Double / Imperial Stout","12.00%",4.49,1055,188,"310 College Dr","","Decorah","IO","52101"
"Tree House Brewing Company","Very Hazy",6,"American Double / Imperial IPA","8.60%",4.66,501,177,"160 E Hill Rd","","Monson","MA","1057"
"Tree House Brewing Company","Good Morning",1,"American Double / Imperial Stout","8.40%",4.72,1003,74,"160 E Hill Rd","","Monson","MA","1057"
"Tree House Brewing Company","In Perpetuity",50,"American IPA","6.70%",4.5,444,179,"160 E Hill Rd","","Monson","MA","1057"
"Tree House Brewing Company","King Julius",3,"American Double / Imperial IPA","8.30%",4.67,705,27,"160 E Hill Rd","","Monson","MA","1057"
"Tree House Brewing Company","Julius",12,"American IPA","6.80%",4.62,3180,141,"160 E Hill Rd","","Monson","MA","1057"
"Tree House Brewing Company","Haze",45,"American Double / Imperial IPA","8.20%",4.51,1706,88,"160 E Hill Rd","","Monson","MA","1057"
"Tree House Brewing Company","Juice Machine",14,"American Double / Imperial IPA","8.20%",4.61,502,194,"160 E Hill Rd","","Monson","MA","1057"
"Tree House Brewing Company","Doppelganger",33,"American Double / Imperial IPA","8.20%",4.54,809,21,"160 E Hill Rd","","Monson","MA","1057"
"Tree House Brewing Company","Very Green",16,"American Double / Imperial IPA","8.60%",4.6,476,165,"160 E Hill Rd","","Monson","MA","1057"
"Tree House Brewing Company","King JJJuliusss",9,"American Double / Imperial IPA","8.40%",4.64,354,166,"160 E Hill Rd","","Monson","MA","1057"
"Tree House Brewing Company","Green",30,"American IPA","7.60%",4.55,2016,96,"160 E Hill Rd","","Monson","MA","1057"
"Tree House Brewing Company","Alter Ego",35,"American IPA","6.80%",4.53,1571,83,"160 E Hill Rd","","Monson","MA","1057"
"Tree House Brewing Company","Double Shot",57,"American Stout","7.60%",4.49,779,169,"160 E Hill Rd","","Monson","MA","1057"
"Tree House Brewing Company","JJJuliusss",22,"American IPA","6.80%",4.57,331,147,"160 E Hill Rd","","Monson","MA","1057"
"Tree House Brewing Company","Triple Shot",145,"American Double / Imperial Stout","9.00%",4.41,254,105,"160 E Hill Rd","","Monson","MA","1057"
"Tree House Brewing Company","Curiosity Twenty Seven",185,"American Double / Imperial IPA","8.00%",4.39,96,78,"160 E Hill Rd","","Monson","MA","1057"
"Trillium Brewing Company","Vicinity",175,"American Double / Imperial IPA","8.00%",4.39,1244,49,"369 Congress St","","Boston","MA","2210"
"Trillium Brewing Company","Double Dry Hopped Melcher Street",202,"American IPA","7.30%",4.37,721,176,"369 Congress St","","Boston","MA","2210"
"Trillium Brewing Company","Headroom",44,"American Double / Imperial IPA","8.00%",4.51,409,160,"369 Congress St","","Boston","MA","2210"
"Trillium Brewing Company","Scaled Way Up",70,"American Double / Imperial IPA","8.00%",4.47,326,140,"369 Congress St","","Boston","MA","2210"
"Trillium Brewing Company","Cutting Tiles",68,"American Double / Imperial IPA","8.50%",4.48,982,39,"369 Congress St","","Boston","MA","2210"
"Trillium Brewing Company","Galaxy Dry Hopped Fort Point Pale Ale",56,"American Pale Ale (APA)","6.60%",4.49,1389,45,"369 Congress St","","Boston","MA","2210"
"Trillium Brewing Company","Heavy Mettle",124,"American Double / Imperial IPA","9.30%",4.42,764,174,"369 Congress St","","Boston","MA","2210"
"Trillium Brewing Company","Upper Case",121,"American Double / Imperial IPA","9.00%",4.43,760,192,"369 Congress St","","Boston","MA","2210"
"Trillium Brewing Company","Double Dry Hopped Sleeper Street",161,"American IPA","7.20%",4.4,641,167,"369 Congress St","","Boston","MA","2210"
"Trillium Brewing Company","Double Dry Hopped Congress Street",31,"American IPA","7.20%",4.54,884,16,"369 Congress St","","Boston","MA","2210"
"Trillium Brewing Company","Fort Point Pale Ale",101,"American Pale Ale (APA)","6.60%",4.45,1733,58,"369 Congress St","","Boston","MA","2210"
"Trillium Brewing Company","Dusk Trill Dawn",183,"American Double / Imperial Stout","11.50%",4.39,337,151,"369 Congress St","","Boston","MA","2210"
"Trillium Brewing Company","Mosaic Dry Hopped Fort Point",107,"American Pale Ale (APA)","6.60%",4.44,889,14,"369 Congress St","","Boston","MA","2210"
"Trillium Brewing Company","Dialed In (w/ Sauvignon Blanc Juice)",219,"American Double / Imperial IPA","8.50%",4.36,396,145,"369 Congress St","","Boston","MA","2210"
"Trillium Brewing Company","Double Dry Hopped Scaled",177,"American IPA","7.00%",4.39,556,166,"369 Congress St","","Boston","MA","2210"
"Trillium Brewing Company","Double Dry Hopped Fort Point Pale Ale",62,"American Pale Ale (APA)","6.60%",4.48,1097,20,"369 Congress St","","Boston","MA","2210"
"Trillium Brewing Company","Congress Street IPA",105,"American IPA","7.20%",4.45,1816,79,"369 Congress St","","Boston","MA","2210"
"Trillium Brewing Company","Scaled Up",186,"American Double / Imperial IPA","8.00%",4.38,595,181,"369 Congress St","","Boston","MA","2210"
"Voodoo Brewing Company","Grande Negro Voodoo Papi - Bourbon Barrel Aged",67,"American Double / Imperial Stout","12.50%",4.48,232,132,"215 Arch St","","Meadville","PA","16335"
"Westbrook Brewing Company","Mexican Cake",225,"American Double / Imperial Stout","10.50%",4.36,2621,110,"510 Ridge Rd","","Mount Pleasant","NC","29464"
"Willoughby Brewing","Nut Smasher",179,"American Double / Imperial Stout","11.00%",4.39,289,154,"4057 Erie Street","","Willoughby","OH","44094"
